{
  "accuracy": 0.7362934705464869,
  "macro_precision": 0.7316911957211778,
  "macro_recall": 0.4680908449686408,
  "macro_f1": 0.4678379357255002,
  "weighted_f1": 0.6887095554077802
}